{
    "overall_accuracy": 0.7182,
    "class_accuracy": {
        "airplane": 0.7584745762711864,
        "automobile": 0.8298279158699808,
        "bird": 0.46956521739130436,
        "cat": 0.49904397705544934,
        "deer": 0.7381889763779528,
        "dog": 0.746031746031746,
        "frog": 0.8051391862955032,
        "horse": 0.762278978388998,
        "ship": 0.7743785850860421,
        "truck": 0.786692759295499
    },
    "classification_report": {
        "airplane": {
            "precision": 0.7188755020080321,
            "recall": 0.7584745762711864,
            "f1-score": 0.7381443298969073,
            "support": 472.0
        },
        "automobile": {
            "precision": 0.8966942148760331,
            "recall": 0.8298279158699808,
            "f1-score": 0.8619662363455809,
            "support": 523.0
        },
        "bird": {
            "precision": 0.7883211678832117,
            "recall": 0.46956521739130436,
            "f1-score": 0.5885558583106267,
            "support": 460.0
        },
        "cat": {
            "precision": 0.5414937759336099,
            "recall": 0.49904397705544934,
            "f1-score": 0.5194029850746269,
            "support": 523.0
        },
        "deer": {
            "precision": 0.6637168141592921,
            "recall": 0.7381889763779528,
            "f1-score": 0.6989748369058714,
            "support": 508.0
        },
        "dog": {
            "precision": 0.4519230769230769,
            "recall": 0.746031746031746,
            "f1-score": 0.562874251497006,
            "support": 504.0
        },
        "frog": {
            "precision": 0.8103448275862069,
            "recall": 0.8051391862955032,
            "f1-score": 0.807733619763695,
            "support": 467.0
        },
        "horse": {
            "precision": 0.841648590021692,
            "recall": 0.762278978388998,
            "f1-score": 0.8,
            "support": 509.0
        },
        "ship": {
            "precision": 0.8766233766233766,
            "recall": 0.7743785850860421,
            "f1-score": 0.8223350253807107,
            "support": 523.0
        },
        "truck": {
            "precision": 0.8410041841004184,
            "recall": 0.786692759295499,
            "f1-score": 0.8129423660262892,
            "support": 511.0
        },
        "accuracy": 0.7182,
        "macro avg": {
            "precision": 0.743064553011495,
            "recall": 0.7169621918063662,
            "f1-score": 0.7212929509201313,
            "support": 5000.0
        },
        "weighted avg": {
            "precision": 0.7428207993165605,
            "recall": 0.7182,
            "f1-score": 0.7220540257965723,
            "support": 5000.0
        }
    },
    "misclassification_table": {
        "airplane": {
            "automobile": 8,
            "bird": 12,
            "cat": 13,
            "deer": 20,
            "dog": 18,
            "frog": 5,
            "horse": 3,
            "ship": 23,
            "truck": 12
        },
        "automobile": {
            "airplane": 5,
            "bird": 3,
            "cat": 10,
            "deer": 3,
            "dog": 5,
            "frog": 10,
            "horse": 1,
            "ship": 11,
            "truck": 41
        },
        "bird": {
            "airplane": 43,
            "automobile": 0,
            "cat": 24,
            "deer": 54,
            "dog": 91,
            "frog": 19,
            "horse": 10,
            "ship": 2,
            "truck": 1
        },
        "cat": {
            "airplane": 10,
            "automobile": 3,
            "bird": 10,
            "deer": 24,
            "dog": 187,
            "frog": 15,
            "horse": 8,
            "ship": 2,
            "truck": 3
        },
        "deer": {
            "airplane": 8,
            "automobile": 0,
            "bird": 8,
            "cat": 29,
            "dog": 45,
            "frog": 13,
            "horse": 26,
            "ship": 2,
            "truck": 2
        },
        "dog": {
            "airplane": 3,
            "automobile": 1,
            "bird": 7,
            "cat": 74,
            "deer": 11,
            "frog": 16,
            "horse": 15,
            "ship": 0,
            "truck": 1
        },
        "frog": {
            "airplane": 6,
            "automobile": 1,
            "bird": 8,
            "cat": 18,
            "deer": 16,
            "dog": 39,
            "horse": 2,
            "ship": 1,
            "truck": 0
        },
        "horse": {
            "airplane": 3,
            "automobile": 1,
            "bird": 3,
            "cat": 22,
            "deer": 39,
            "dog": 46,
            "frog": 2,
            "ship": 1,
            "truck": 4
        },
        "ship": {
            "airplane": 47,
            "automobile": 5,
            "bird": 5,
            "cat": 20,
            "deer": 14,
            "dog": 9,
            "frog": 5,
            "horse": 1,
            "truck": 12
        },
        "truck": {
            "airplane": 15,
            "automobile": 31,
            "bird": 2,
            "cat": 11,
            "deer": 9,
            "dog": 16,
            "frog": 3,
            "horse": 7,
            "ship": 15
        }
    }
}