{
    "overall_accuracy": 0.7094,
    "class_accuracy": {
        "airplane": 0.8220338983050848,
        "automobile": 0.869980879541109,
        "bird": 0.5043478260869565,
        "cat": 0.6022944550669216,
        "deer": 0.6003937007874016,
        "dog": 0.6884920634920635,
        "frog": 0.7516059957173448,
        "horse": 0.7858546168958742,
        "ship": 0.7284894837476099,
        "truck": 0.7299412915851272
    },
    "classification_report": {
        "airplane": {
            "precision": 0.7093235831809872,
            "recall": 0.8220338983050848,
            "f1-score": 0.76153091265947,
            "support": 472.0
        },
        "automobile": {
            "precision": 0.8425925925925926,
            "recall": 0.869980879541109,
            "f1-score": 0.8560677328316086,
            "support": 523.0
        },
        "bird": {
            "precision": 0.7388535031847133,
            "recall": 0.5043478260869565,
            "f1-score": 0.599483204134367,
            "support": 460.0
        },
        "cat": {
            "precision": 0.46597633136094674,
            "recall": 0.6022944550669216,
            "f1-score": 0.5254378648874062,
            "support": 523.0
        },
        "deer": {
            "precision": 0.7741116751269036,
            "recall": 0.6003937007874016,
            "f1-score": 0.6762749445676275,
            "support": 508.0
        },
        "dog": {
            "precision": 0.45657894736842103,
            "recall": 0.6884920634920635,
            "f1-score": 0.5490506329113924,
            "support": 504.0
        },
        "frog": {
            "precision": 0.84375,
            "recall": 0.7516059957173448,
            "f1-score": 0.7950169875424689,
            "support": 467.0
        },
        "horse": {
            "precision": 0.7722007722007722,
            "recall": 0.7858546168958742,
            "f1-score": 0.7789678675754625,
            "support": 509.0
        },
        "ship": {
            "precision": 0.9292682926829269,
            "recall": 0.7284894837476099,
            "f1-score": 0.8167202572347267,
            "support": 523.0
        },
        "truck": {
            "precision": 0.8776470588235294,
            "recall": 0.7299412915851272,
            "f1-score": 0.7970085470085471,
            "support": 511.0
        },
        "accuracy": 0.7094,
        "macro avg": {
            "precision": 0.7410302756521794,
            "recall": 0.7083434211225492,
            "f1-score": 0.7155558951353077,
            "support": 5000.0
        },
        "weighted avg": {
            "precision": 0.7407971635148868,
            "recall": 0.7094,
            "f1-score": 0.7160370245890386,
            "support": 5000.0
        }
    },
    "misclassification_table": {
        "airplane": {
            "automobile": 12,
            "bird": 11,
            "cat": 15,
            "deer": 7,
            "dog": 13,
            "frog": 2,
            "horse": 8,
            "ship": 7,
            "truck": 9
        },
        "automobile": {
            "airplane": 3,
            "bird": 3,
            "cat": 12,
            "deer": 2,
            "dog": 6,
            "frog": 4,
            "horse": 2,
            "ship": 6,
            "truck": 30
        },
        "bird": {
            "airplane": 49,
            "automobile": 2,
            "cat": 42,
            "deer": 25,
            "dog": 75,
            "frog": 17,
            "horse": 17,
            "ship": 0,
            "truck": 1
        },
        "cat": {
            "airplane": 16,
            "automobile": 3,
            "bird": 14,
            "deer": 11,
            "dog": 137,
            "frog": 8,
            "horse": 12,
            "ship": 5,
            "truck": 2
        },
        "deer": {
            "airplane": 6,
            "automobile": 0,
            "bird": 18,
            "cat": 53,
            "dog": 67,
            "frog": 16,
            "horse": 42,
            "ship": 0,
            "truck": 1
        },
        "dog": {
            "airplane": 5,
            "automobile": 1,
            "bird": 7,
            "cat": 115,
            "deer": 7,
            "frog": 8,
            "horse": 13,
            "ship": 0,
            "truck": 1
        },
        "frog": {
            "airplane": 6,
            "automobile": 3,
            "bird": 10,
            "cat": 44,
            "deer": 14,
            "dog": 31,
            "horse": 5,
            "ship": 3,
            "truck": 0
        },
        "horse": {
            "airplane": 2,
            "automobile": 1,
            "bird": 6,
            "cat": 33,
            "deer": 11,
            "dog": 50,
            "frog": 3,
            "ship": 1,
            "truck": 2
        },
        "ship": {
            "airplane": 52,
            "automobile": 16,
            "bird": 9,
            "cat": 31,
            "deer": 8,
            "dog": 11,
            "frog": 4,
            "horse": 5,
            "truck": 6
        },
        "truck": {
            "airplane": 20,
            "automobile": 47,
            "bird": 4,
            "cat": 16,
            "deer": 4,
            "dog": 23,
            "frog": 3,
            "horse": 14,
            "ship": 7
        }
    }
}