{
    "partition": "v1",
    "random_seed": 21,
    "overall_accuracy": 0.6044,
    "class_accuracy": {
        "airplane": 0.64,
        "automobile": 0.62,
        "bird": 0.664,
        "cat": 0.34,
        "deer": 0.448,
        "dog": 0.632,
        "frog": 0.748,
        "horse": 0.716,
        "ship": 0.576,
        "truck": 0.66
    },
    "classification_report": {
        "airplane": {
            "precision": 0.6611570247933884,
            "recall": 0.64,
            "f1-score": 0.6504065040650406,
            "support": 250.0
        },
        "automobile": {
            "precision": 0.8288770053475936,
            "recall": 0.62,
            "f1-score": 0.7093821510297483,
            "support": 250.0
        },
        "bird": {
            "precision": 0.3755656108597285,
            "recall": 0.664,
            "f1-score": 0.4797687861271676,
            "support": 250.0
        },
        "cat": {
            "precision": 0.48295454545454547,
            "recall": 0.34,
            "f1-score": 0.39906103286384975,
            "support": 250.0
        },
        "deer": {
            "precision": 0.5410628019323671,
            "recall": 0.448,
            "f1-score": 0.49015317286652077,
            "support": 250.0
        },
        "dog": {
            "precision": 0.5,
            "recall": 0.632,
            "f1-score": 0.558303886925795,
            "support": 250.0
        },
        "frog": {
            "precision": 0.6382252559726962,
            "recall": 0.748,
            "f1-score": 0.6887661141804788,
            "support": 250.0
        },
        "horse": {
            "precision": 0.6884615384615385,
            "recall": 0.716,
            "f1-score": 0.7019607843137254,
            "support": 250.0
        },
        "ship": {
            "precision": 0.8622754491017964,
            "recall": 0.576,
            "f1-score": 0.6906474820143885,
            "support": 250.0
        },
        "truck": {
            "precision": 0.7857142857142857,
            "recall": 0.66,
            "f1-score": 0.717391304347826,
            "support": 250.0
        },
        "accuracy": 0.6044,
        "macro avg": {
            "precision": 0.6364293517637939,
            "recall": 0.6043999999999999,
            "f1-score": 0.6085841218734541,
            "support": 2500.0
        },
        "weighted avg": {
            "precision": 0.636429351763794,
            "recall": 0.6044,
            "f1-score": 0.608584121873454,
            "support": 2500.0
        }
    },
    "misclassification_table": {
        "airplane": {
            "automobile": 3,
            "bird": 45,
            "cat": 2,
            "deer": 13,
            "dog": 3,
            "frog": 2,
            "horse": 2,
            "ship": 10,
            "truck": 10
        },
        "automobile": {
            "airplane": 9,
            "bird": 8,
            "cat": 9,
            "deer": 7,
            "dog": 6,
            "frog": 17,
            "horse": 5,
            "ship": 4,
            "truck": 30
        },
        "bird": {
            "airplane": 3,
            "automobile": 1,
            "cat": 17,
            "deer": 17,
            "dog": 21,
            "frog": 16,
            "horse": 6,
            "ship": 0,
            "truck": 3
        },
        "cat": {
            "airplane": 2,
            "automobile": 1,
            "bird": 45,
            "deer": 16,
            "dog": 64,
            "frog": 25,
            "horse": 10,
            "ship": 1,
            "truck": 1
        },
        "deer": {
            "airplane": 9,
            "automobile": 0,
            "bird": 59,
            "cat": 7,
            "dog": 15,
            "frog": 19,
            "horse": 28,
            "ship": 1,
            "truck": 0
        },
        "dog": {
            "airplane": 1,
            "automobile": 0,
            "bird": 33,
            "cat": 26,
            "deer": 8,
            "frog": 11,
            "horse": 12,
            "ship": 0,
            "truck": 1
        },
        "frog": {
            "airplane": 0,
            "automobile": 1,
            "bird": 30,
            "cat": 9,
            "deer": 8,
            "dog": 12,
            "horse": 3,
            "ship": 0,
            "truck": 0
        },
        "horse": {
            "airplane": 2,
            "automobile": 0,
            "bird": 24,
            "cat": 4,
            "deer": 14,
            "dog": 22,
            "frog": 3,
            "ship": 2,
            "truck": 0
        },
        "ship": {
            "airplane": 45,
            "automobile": 9,
            "bird": 20,
            "cat": 9,
            "deer": 7,
            "dog": 7,
            "frog": 9,
            "horse": 0,
            "truck": 0
        },
        "truck": {
            "airplane": 11,
            "automobile": 17,
            "bird": 12,
            "cat": 8,
            "deer": 5,
            "dog": 8,
            "frog": 4,
            "horse": 15,
            "ship": 5
        }
    }
}