{
    "partition": "v2",
    "random_seed": 42,
    "overall_accuracy": 0.584,
    "class_accuracy": {
        "airplane": 0.624,
        "automobile": 0.74,
        "bird": 0.336,
        "cat": 0.512,
        "deer": 0.544,
        "dog": 0.352,
        "frog": 0.476,
        "horse": 0.576,
        "ship": 0.892,
        "truck": 0.788
    },
    "classification_report": {
        "airplane": {
            "precision": 0.48148148148148145,
            "recall": 0.624,
            "f1-score": 0.5435540069686411,
            "support": 250.0
        },
        "automobile": {
            "precision": 0.7370517928286853,
            "recall": 0.74,
            "f1-score": 0.7385229540918163,
            "support": 250.0
        },
        "bird": {
            "precision": 0.6,
            "recall": 0.336,
            "f1-score": 0.4307692307692308,
            "support": 250.0
        },
        "cat": {
            "precision": 0.3902439024390244,
            "recall": 0.512,
            "f1-score": 0.4429065743944637,
            "support": 250.0
        },
        "deer": {
            "precision": 0.5619834710743802,
            "recall": 0.544,
            "f1-score": 0.5528455284552846,
            "support": 250.0
        },
        "dog": {
            "precision": 0.5605095541401274,
            "recall": 0.352,
            "f1-score": 0.43243243243243246,
            "support": 250.0
        },
        "frog": {
            "precision": 0.7986577181208053,
            "recall": 0.476,
            "f1-score": 0.5964912280701754,
            "support": 250.0
        },
        "horse": {
            "precision": 0.8089887640449438,
            "recall": 0.576,
            "f1-score": 0.6728971962616822,
            "support": 250.0
        },
        "ship": {
            "precision": 0.5234741784037559,
            "recall": 0.892,
            "f1-score": 0.6597633136094675,
            "support": 250.0
        },
        "truck": {
            "precision": 0.6459016393442623,
            "recall": 0.788,
            "f1-score": 0.7099099099099099,
            "support": 250.0
        },
        "accuracy": 0.584,
        "macro avg": {
            "precision": 0.6108292501877466,
            "recall": 0.5840000000000001,
            "f1-score": 0.5780092374963103,
            "support": 2500.0
        },
        "weighted avg": {
            "precision": 0.6108292501877467,
            "recall": 0.584,
            "f1-score": 0.5780092374963104,
            "support": 2500.0
        }
    },
    "confusion_matrix": [
        [
            156,
            8,
            7,
            5,
            0,
            1,
            1,
            1,
            63,
            8
        ],
        [
            13,
            185,
            0,
            2,
            1,
            1,
            0,
            0,
            13,
            35
        ],
        [
            44,
            4,
            84,
            28,
            27,
            18,
            6,
            7,
            25,
            7
        ],
        [
            24,
            5,
            5,
            128,
            13,
            34,
            11,
            3,
            20,
            7
        ],
        [
            31,
            3,
            10,
            21,
            136,
            2,
            9,
            6,
            24,
            8
        ],
        [
            12,
            3,
            13,
            90,
            12,
            88,
            3,
            13,
            9,
            7
        ],
        [
            4,
            11,
            12,
            42,
            20,
            8,
            119,
            3,
            20,
            11
        ],
        [
            19,
            3,
            6,
            12,
            33,
            3,
            0,
            144,
            10,
            20
        ],
        [
            13,
            6,
            3,
            0,
            0,
            0,
            0,
            0,
            223,
            5
        ],
        [
            8,
            23,
            0,
            0,
            0,
            2,
            0,
            1,
            19,
            197
        ]
    ]
}